{
  "parks": {
    "hitor": {
      "name": "High Tor Wildlife Management Area",
      "mainPin": [42.618321, -77.370970],
      "directionsCoordinate": [42.635292, -77.357394],
      "url": "http://www.cnyhiking.com/HiTorWMA.htm",
      "SW": [
        42.593501,
        -77.404768
      ],
      "NE": [
        42.640347,
        -77.32738
      ]
    }
  },
  "trails": {
    "_prototype": {
      "parkId": "hitor"
    },
    "hitor_blue": {
      "name": "High Tor Blue Trail",
      "color": "blue",
      "url": "http://www.cnyhiking.com/HiTorBlueTrail.htm",
      "SW": [
        42.597698,
        -77.381897
      ],
      "NE": [
        42.633083,
        -77.35627
      ]
    },
    "hitor_fltbht": {
      "name": "Finger Lakes Bristol Hills Trail",
      "color": "orange",
      "url": "http://www.cnyhiking.com/BHT-NaplesToHiTorWMA.htm",
      "trailheads": [[42.621731, -77.328300], [42.625891, -77.389868]],
      "SW": [
        42.612015,
        -77.392814
      ],
      "NE": [
        42.626923,
        -77.3283
      ]
    },
    "hitor_unnamed": {
      "name": "",
      "color": "unmarked_trail",
      "SW": [
        42.599827,
        -77.367
      ],
      "NE": [
        42.635132,
        -77.334274
      ]
    }
  },
  "points": [
    {"type": "scenic", "name": "Angel Falls, Conklin Gully", "loc": [42.631890, -77.360412]},
    {"type": "scenic", "name": "Upper Conklin Gully", "loc": [42.625962, -77.350128]},
    {"type": "parking", "loc": [42.635120, -77.336173], "comments": "Shay Rd"},
    {"type": "poi", "name": "Lean-To", "loc": [42.624619, -77.358754], "comments": "Center"},
    {"type": "poi", "name": "Lean-To", "loc": [42.603151, -77.381182], "comments": "Ski"},
    {"type": "parking", "loc": [42.625899, -77.389059], "comments": "DEC"},
    {"type": "parking", "loc": [42.635292, -77.357394], "comments": "Parrish-Gully E"},
    {"type": "parking", "loc": [42.617752, -77.334274], "comments": "Brink"}
  ]
}
