{
    "parks": {
        "churchville": { "name": "Churchville Park", "mainPin": [43.10825, -77.90131],
            "SW": [43.09453, -77.91967], "NE": [43.11514, -77.87375],
            "directionsCoordinate": [43.109538, -77.884596],
            "url": "http://www.monroecounty.gov/parks-churchville.php" }
    },
    "trails": {},
    "points": [
        { "type": "poi", "name": "Churchville Golf Course", "loc": [43.114095028040026,-77.89887070655823], "allowsDirections": true, "visibilityConstraint": "parkBoundaries", "url": "http://golftheparks.com/courses/Churchville.html", "SW": [43.10449225779743,-77.91355848312378], "NE": [43.114925213108485,-77.88834571838379] },
        { "type": "poi", "name": "Fishing", "loc": [43.105267741326536,-77.89493322372437] },
        { "type": "poi", "name": "Fishing", "loc": [43.104977915298626,-77.8831422328949] },
        { "type": "boat_launch", "loc": [43.10562806366402,-77.89421439170837] },
        { "type": "sports", "name": "Soccer Field", "loc": [43.11361727492358,-77.88700461387634] },
        { "type": "sports", "name": "Soccer Field", "loc": [43.11372692350959,-77.88245558738708] },
        { "type": "sports", "name": "Softball Field 1", "loc": [43.112027348349756,-77.88349092006683] },
        { "type": "sports", "name": "Softball Field 2", "loc": [43.11271266659302,-77.88699924945831] },
        { "type": "sports", "name": "Playground", "loc": [43.11286539361297,-77.88254678249359] },
        { "type": "sports", "name": "Tennis Courts", "loc": [43.11111096796485,-77.88374304771423] },
        { "type": "sports", "name": "Playground", "loc": [43.110237652521896,-77.88630455732346] },
        { "type": "sports", "name": "Playground", "loc": [43.10970308333347,-77.89107620716095] },
        { "type": "sports", "name": "Playground", "loc": [43.108919823343335,-77.89195328950882] },
        { "type": "sports", "name": "Skating Rink", "loc": [43.108675052540875,-77.88623213768005] },
        { "type": "lodge", "name": "Cottonwood", "loc": [43.11309252539932,-77.88373231887817] },
        { "type": "lodge", "name": "Pinetree", "loc": [43.11264217707064,-77.8814846277237] },
        { "type": "lodge", "name": "West and East Lodges", "loc": [43.109912603681614,-77.88587808609009] },
        { "type": "lodge", "name": "Church Lodge", "loc": [43.10824033718282,-77.8863662481308] },
        { "type": "shelter", "name": "Shadyside", "loc": [43.11187461923844,-77.88770735263824], "directionsCoordinate": [43.110623, -77.889889] },
        { "type": "shelter", "name": "Oak", "loc": [43.111757135047306,-77.888925075531], "directionsCoordinate": [43.110623, -77.889889] },
        { "type": "shelter", "name": "Anderson", "loc": [43.10999484511759,-77.88843154907227], "directionsCoordinate": [43.110623, -77.889889] },
        { "type": "shelter", "name": "Hickory Grove", "loc": [43.11001442639556,-77.89034128189087], "directionsCoordinate": [43.110623, -77.889889] },
        { "type": "shelter", "name": "Fairview", "loc": [43.10937998980208,-77.8911942243576], "directionsCoordinate": [43.110623, -77.889889] },
        { "type": "shelter", "name": "Beechwoods", "loc": [43.10889436722549,-77.89204180240631], "directionsCoordinate": [43.110623, -77.889889] },
        { "type": "shelter", "name": "Westview", "loc": [43.10779386954738,-77.89403736591339], "directionsCoordinate": [43.110623, -77.889889] },
        { "type": "restroom", "loc": [43.11019849010247,-77.89065778255463] },
        { "type": "restroom", "loc": [43.11237979869049,-77.88245558738708] },
        { "type": "restroom", "loc": [43.1102259037987,-77.88716554641724] },
        { "type": "restroom", "loc": [43.10795444161581,-77.8865647315979] },
        { "type": "parking", "comments": "Main N", "loc": [43.112802736420136,-77.88390398025513] },
        { "type": "parking", "comments": "Pinetree", "loc": [43.11236413427398,-77.88121104240417] },
        { "type": "parking", "comments": "Main C", "loc": [43.11050787253287,-77.88496613502502] },
        { "type": "parking", "comments": "Westview", "loc": [43.10778212035509,-77.89446115493774], "directionsCoordinate": [43.110623, -77.889889] },
        { "type": "parking", "comments": "Main S", "loc": [43.10853406411438,-77.88501977920532] },
        { "type": "parking", "comments": "Boat Launch", "loc": [43.10521290948054,-77.89430022239685] }
    ]
}
