{
  "parks": {
    "tryon": { "name": "Tryon Park", "mainPin": [43.166964, -77.536989],
      "SW": [
        43.15845,
        -77.54324
      ],
      "NE": [
        43.17252,
        -77.533189
      ],
      "directionsCoordinate": [43.165778, -77.537680],
      "url": "http://www.monroecounty.gov/parks-tryon.php" }
  },
  "trails": {
    "_prototype": { "parkId": "tryon", "url": "http://www.monroecounty.gov/parks-tryon.php" },
    "tryon_white": {
      "name": "White Trail",
      "color": "white",
      "length": 0.55,
      "trailheads": [[43.166765, -77.538294]],
      "SW": [
        43.166765,
        -77.538297
      ],
      "NE": [
        43.169928,
        -77.533633
      ]
    },
    "tryon_green": {
      "name": "Green Trail",
      "color": "dark_green",
      "length": 0.57,
      "trailheads": [],
      "SW": [
        43.160891,
        -77.538297
      ],
      "NE": [
        43.162969,
        -77.536988
      ]
    },
    "tryon_orange": {
      "name": "Orange Trail",
      "color": "orange",
      "length": 0.37,
      "trailheads": [],
      "SW": [
        43.167481,
        -77.536709
      ],
      "NE": [
        43.169518,
        -77.535523
      ]
    },
    "tryon_purple": {
      "name": "Purple Trail",
      "color": "purple",
      "length": 0.57,
      "trailheads": [],
      "SW": [
        43.170583,
        -77.53859
      ],
      "NE": [
        43.172449,
        -77.535857
      ]
    },
    "tryon_blue": {
      "name": "Blue Trail",
      "color": "sky",
      "length": 1.01,
      "trailheads": [[43.165849, -77.537647]],
      "SW": [
        43.162636,
        -77.538361
      ],
      "NE": [
        43.167377,
        -77.534992
      ]
    },
    "tryon_red": {
      "name": "Red Trail",
      "color": "red",
      "length": 2.08,
      "trailheads": [[43.165924, -77.537112]],
      "SW": [
        43.165924,
        -77.53842
      ],
      "NE": [
        43.171661,
        -77.53335
      ]
    },
    "tryon_connector": {
      "name": "Ellison/L.Morin Connectors",
      "color": "black",
      "trailheads": [
      ],
      "SW": [
        43.163914,
        -77.537506
      ],
      "NE": [
        43.176933,
        -77.530457
      ]
    }
  },
  "points": [
      { "type": "parking", "loc": [43.163936, -77.540927], "comments": "Tryon" },
      { "type": "sports", "name": "Softball Fields", "loc": [43.164164, -77.540173], "comments": "Tryon" },
      { "type": "sports", "name": "Basketball/Tennis", "loc": [43.162407, -77.541074], "comments": "Tryon" },
      { "type": "intersection", "name": "1",  "loc": [43.161807, -77.537518] },
      { "type": "intersection", "name": "2",  "loc": [43.162969, -77.537680] },
      { "type": "intersection", "name": "3",  "loc": [43.163572, -77.537693] },
      { "type": "intersection", "name": "4",  "loc": [43.164565, -77.535788] },
      { "type": "intersection", "name": "5",  "loc": [43.167377, -77.534992] },
      { "type": "intersection", "name": "6",  "loc": [43.169408, -77.533633] },
      { "type": "intersection", "name": "7",  "loc": [43.168377, -77.536540] },
      { "type": "intersection", "name": "8",  "loc": [43.169231, -77.536371] },
      { "type": "intersection", "name": "9",  "loc": [43.169808, -77.535981] },
      { "type": "intersection", "name": "10", "loc": [43.170210, -77.535244] },
      { "type": "intersection", "name": "11", "loc": [43.170942, -77.536295] },
      { "type": "intersection", "name": "12", "loc": [43.171661, -77.535857] }
  ]
}
